Block	Event	CatId	Data1	Data2	Data3
4140409	CatRescued	catId=0x00d658d50b	to=0xedccc2ce220f286bf218390ad16e432d539e6890		
4140423	CatRescued	catId=0x000f53c2fd	to=0x4be972e5799b243180b2fc76468a1c8503281449		
4140505	CatRescued	catId=0x0027518528	to=0x2621ea417659ad69bae66af05ebe5788e533e5e7		
4140511	CatRescued	catId=0x00aeea3b67	to=0x2621ea417659ad69bae66af05ebe5788e533e5e7		
4140512	CatRescued	catId=0x00ff7b7493	to=0x2621ea417659ad69bae66af05ebe5788e533e5e7		
4140515	CatRescued	catId=0x00cd6a5c05	to=0x2621ea417659ad69bae66af05ebe5788e533e5e7		
4140515	CatRescued	catId=0x00d8523a53	to=0x4be972e5799b243180b2fc76468a1c8503281449		
4140516	CatRescued	catId=0x00ac2b3f23	to=0x2621ea417659ad69bae66af05ebe5788e533e5e7		
4140517	CatRescued	catId=0x0095f2783b	to=0x334949cb0ed664d5f69dcd6699987f20818451a8		
4140519	CatRescued	catId=0x002d6d512c	to=0x2621ea417659ad69bae66af05ebe5788e533e5e7		
4140520	CatRescued	catId=0x007794a3f5	to=0x2621ea417659ad69bae66af05ebe5788e533e5e7		
4140523	CatRescued	catId=0x00304c8e29	to=0x2621ea417659ad69bae66af05ebe5788e533e5e7		
4140526	CatRescued	catId=0x0080ea1503	to=0x2621ea417659ad69bae66af05ebe5788e533e5e7		
4140526	CatRescued	catId=0x00f28bec4f	to=0x2621ea417659ad69bae66af05ebe5788e533e5e7		
4140529	CatRescued	catId=0x00ba50ecb2	to=0x4be972e5799b243180b2fc76468a1c8503281449		
4140536	CatRescued	catId=0x001cb46c3a	to=0x2621ea417659ad69bae66af05ebe5788e533e5e7		
4140538	CatRescued	catId=0x0004c4211a	to=0x2621ea417659ad69bae66af05ebe5788e533e5e7		
4140539	CatRescued	catId=0x002179a08d	to=0x2621ea417659ad69bae66af05ebe5788e533e5e7		
4140539	CatRescued	catId=0x0058502e11	to=0x2621ea417659ad69bae66af05ebe5788e533e5e7		
4140542	CatRescued	catId=0x0013996e82	to=0x2621ea417659ad69bae66af05ebe5788e533e5e7		
4140545	CatRescued	catId=0x00d6591f3f	to=0x2621ea417659ad69bae66af05ebe5788e533e5e7		
4140545	CatNamed	catId=0x00d8523a53	name=mister moo		
4140546	CatRescued	catId=0x00c1832514	to=0x2621ea417659ad69bae66af05ebe5788e533e5e7		
4140546	CatRescued	catId=0x0004dd5743	to=0x4be972e5799b243180b2fc76468a1c8503281449		
4140548	CatRescued	catId=0x00e38e784c	to=0x2621ea417659ad69bae66af05ebe5788e533e5e7		
4140550	CatRescued	catId=0x0002b77279	to=0x2621ea417659ad69bae66af05ebe5788e533e5e7		
4140564	CatRescued	catId=0x005d219414	to=0x4be972e5799b243180b2fc76468a1c8503281449		
4140573	CatRescued	catId=0x00197db6f0	to=0x4be972e5799b243180b2fc76468a1c8503281449		
4140575	CatRescued	catId=0x00a33f036d	to=0x2621ea417659ad69bae66af05ebe5788e533e5e7		
4140577	CatRescued	catId=0x00b0d1aab9	to=0x2621ea417659ad69bae66af05ebe5788e533e5e7		
4140590	CatRescued	catId=0x001923be57	to=0x0ab54e471f4463bd987cf372b1d08c3415c5629f		
4140591	CatRescued	catId=0x004ce4b7af	to=0x8fd30d792d7bfb8955d7cfbfa1ccc878b04a39ec		
4140601	CatRescued	catId=0x00bf1f8787	to=0xb8c4d5d17251f3c97d62be550ab8dc0aaa473bc8		
4140609	CatRescued	catId=0x00e377fc15	to=0x8fd30d792d7bfb8955d7cfbfa1ccc878b04a39ec		
4140610	AdoptionOffered	catId=0x00bf1f8787	to=0x0000000000000000000000000000000000000000	price=1	
4140611	CatRescued	catId=0x00a0ade37e	to=0x0ab54e471f4463bd987cf372b1d08c3415c5629f		
4140616	CatRescued	catId=0x0024057eb5	to=0x4be972e5799b243180b2fc76468a1c8503281449		
4140619	CatRescued	catId=0x0069b659c0	to=0x61fae4f63c5b0316f658b11319141c5755f833c8		
4140629	CatRescued	catId=0x000d71c4cb	to=0xb8c4d5d17251f3c97d62be550ab8dc0aaa473bc8		
4140629	CatRescued	catId=0x00b7c50d8a	to=0xa25784714a35da4ab9f50922ed535e0f5935faa2		
4140630	AdoptionOffered	catId=0x004ce4b7af	to=0x0000000000000000000000000000000000000000	price=0.1	
4140631	CatRescued	catId=0x009fb6c63d	to=0x2d61bc51631e2845695fc1f0c9b953ad0c835a59		
4140632	CatRescued	catId=0x007d228add	to=0xedccc2ce220f286bf218390ad16e432d539e6890		
4140632	CatNamed	catId=0x0069b659c0	name=Purple Haze		
4140632	CatRescued	catId=0x00a51d5060	to=0xedccc2ce220f286bf218390ad16e432d539e6890		
4140632	CatRescued	catId=0x00248b9ea2	to=0xedccc2ce220f286bf218390ad16e432d539e6890		
4140632	CatRescued	catId=0x000733cff4	to=0xedccc2ce220f286bf218390ad16e432d539e6890		
4140632	CatRescued	catId=0x00f6ab2154	to=0xedccc2ce220f286bf218390ad16e432d539e6890		
4140635	CatRescued	catId=0x00f3c2d145	to=0x53e2e330b53cb5839f0a777ecd9af93771e22439		
4140635	AdoptionOffered	catId=0x00e377fc15	to=0x0000000000000000000000000000000000000000	price=0.1	
4140638	CatRescued	catId=0x0020bf2c85	to=0x2d61bc51631e2845695fc1f0c9b953ad0c835a59		
4140641	CatNamed	catId=0x00b7c50d8a	name=Mr. Pink		
4140641	CatRescued	catId=0x00545fe901	to=0x8fd30d792d7bfb8955d7cfbfa1ccc878b04a39ec		
4140643	CatNamed	catId=0x007d228add	name=Whiskers		
4140646	CatRescued	catId=0x0083441abf	to=0xedccc2ce220f286bf218390ad16e432d539e6890		
4140647	AdoptionOffered	catId=0x007d228add	to=0x0000000000000000000000000000000000000000	price=0.1	
4140647	CatRescued	catId=0x00223229dd	to=0x53e2e330b53cb5839f0a777ecd9af93771e22439		
4140647	CatRescued	catId=0x008bb3dc81	to=0xa25784714a35da4ab9f50922ed535e0f5935faa2		
4140647	CatRescued	catId=0x005fb5a750	to=0x8fd30d792d7bfb8955d7cfbfa1ccc878b04a39ec		
4140652	CatRescued	catId=0x001b80923f	to=0xa25784714a35da4ab9f50922ed535e0f5935faa2		
4140652	AdoptionOffered	catId=0x005fb5a750	to=0x0000000000000000000000000000000000000000	price=0.1	
4140652	CatRescued	catId=0x00684a3006	to=0x53e2e330b53cb5839f0a777ecd9af93771e22439		
4140654	CatRescued	catId=0x00005d0e2c	to=0x53e2e330b53cb5839f0a777ecd9af93771e22439		
4140655	CatNamed	catId=0x008bb3dc81	name=Mr. Yellow		
4140655	AdoptionOffered	catId=0x00545fe901	to=0x0000000000000000000000000000000000000000	price=0.05	
4140656	AdoptionOffered	catId=0x000d71c4cb	to=0x0000000000000000000000000000000000000000	price=0.1	
4140658	CatRescued	catId=0x00c61187c8	to=0xb8c4d5d17251f3c97d62be550ab8dc0aaa473bc8		
4140658	CatRescued	catId=0x008d97a0b1	to=0x8fd30d792d7bfb8955d7cfbfa1ccc878b04a39ec		
4140658	CatRescued	catId=0x00add88a74	to=0xf5ec0ec4770802475dfa6381f1935d70b6217099		
4140660	CatNamed	catId=0x00a51d5060	name=Melancholia		
4140660	AdoptionOffered	catId=0x00223229dd	to=0x0000000000000000000000000000000000000000	price=5	
4140660	CatNamed	catId=0x001b80923f	name=Mr. Green		
4140661	CatRescued	catId=0x00ca12456c	to=0x53e2e330b53cb5839f0a777ecd9af93771e22439		
4140667	CatRescued	catId=0x00e09d3ce6	to=0x0ab54e471f4463bd987cf372b1d08c3415c5629f		
4140667	CatRescued	catId=0x00558e579f	to=0x8fd30d792d7bfb8955d7cfbfa1ccc878b04a39ec		
4140674	CatNamed	catId=0x00558e579f	name=Cheshire Cat		
4140674	CatRescued	catId=0x0002542645	to=0xb8c4d5d17251f3c97d62be550ab8dc0aaa473bc8		
4140674	AdoptionOffered	catId=0x00c61187c8	to=0x0000000000000000000000000000000000000000	price=0.1	
4140676	AdoptionOffered	catId=0x00558e579f	to=0x0000000000000000000000000000000000000000	price=0.1	
4140677	AdoptionOffered	catId=0x001b80923f	to=0x0000000000000000000000000000000000000000	price=1	
4140680	CatRescued	catId=0x00044c1e6f	to=0x53e2e330b53cb5839f0a777ecd9af93771e22439		
4140682	CatNamed	catId=0x00add88a74	name=Trump		
4140685	CatRescued	catId=0x0053fdc06e	to=0x53e2e330b53cb5839f0a777ecd9af93771e22439		
4140685	CatRescued	catId=0x00bc1edac8	to=0xb8c4d5d17251f3c97d62be550ab8dc0aaa473bc8		
4140689	CatRescued	catId=0x008399a1c7	to=0x4be972e5799b243180b2fc76468a1c8503281449		
4140690	CatRescued	catId=0x00ac0223b6	to=0xa25784714a35da4ab9f50922ed535e0f5935faa2		
4140690	AdoptionOffered	catId=0x00add88a74	to=0x0000000000000000000000000000000000000000	price=1	
4140694	CatNamed	catId=0x00ac0223b6	name=Mr. Blue		
4140695	CatRescued	catId=0x00db8210e1	to=0x4be972e5799b243180b2fc76468a1c8503281449		
4140695	CatRescued	catId=0x00c877ec48	to=0x8fd30d792d7bfb8955d7cfbfa1ccc878b04a39ec		
4140695	CatRescued	catId=0x005cf97a67	to=0xb8c4d5d17251f3c97d62be550ab8dc0aaa473bc8		
4140696	CatNamed	catId=0x00bc1edac8	name=Clinton		
4140700	AdoptionOffered	catId=0x00bc1edac8	to=0x0000000000000000000000000000000000000000	price=1	
4140700	AdoptionOffered	catId=0x00bc1edac8	to=0x0000000000000000000000000000000000000000	price=1	
4140701	CatRescued	catId=0x0033eba426	to=0xa25784714a35da4ab9f50922ed535e0f5935faa2		
4140702	CatNamed	catId=0x00c877ec48	name=Vitalik		
4140702	CatRescued	catId=0x00b19727b0	to=0x53e2e330b53cb5839f0a777ecd9af93771e22439		
4140704	CatRescued	catId=0x00b9faec3e	to=0xb8c4d5d17251f3c97d62be550ab8dc0aaa473bc8		
4140705	CatRescued	catId=0x00f52fe14d	to=0x4be972e5799b243180b2fc76468a1c8503281449		
4140705	CatRescued	catId=0x00ce10ee6d	to=0xa25784714a35da4ab9f50922ed535e0f5935faa2		
4140714	CatRescued	catId=0x00d95808e0	to=0xb8c4d5d17251f3c97d62be550ab8dc0aaa473bc8		
4140714	AdoptionOffered	catId=0x00c877ec48	to=0x0000000000000000000000000000000000000000	price=0.15	
4140716	CatRescued	catId=0x00d6222e82	to=0x8b66b08ad8c2e9e7177751302edcfe7892726d38		
4140717	CatRescued	catId=0x003fbbed41	to=0xb8c4d5d17251f3c97d62be550ab8dc0aaa473bc8		
4140718	CatRescued	catId=0x00044fddc2	to=0x8fd30d792d7bfb8955d7cfbfa1ccc878b04a39ec		
4140722	CatNamed	catId=0x00d6222e82	name=Blueberry		
4140728	AdoptionOffered	catId=0x00d6222e82	to=0x0000000000000000000000000000000000000000	price=1	
4140728	CatRescued	catId=0x00172d6ba6	to=0x53e2e330b53cb5839f0a777ecd9af93771e22439		
4140730	CatRescued	catId=0x00e155c8f8	to=0xb8c4d5d17251f3c97d62be550ab8dc0aaa473bc8		
4140738	CatRescued	catId=0x000b75a16f	to=0xb8c4d5d17251f3c97d62be550ab8dc0aaa473bc8		
4140738	CatRescued	catId=0x005a123da8	to=0x8fd30d792d7bfb8955d7cfbfa1ccc878b04a39ec		
4140745	AdoptionOffered	catId=0x00e09d3ce6	to=0x0000000000000000000000000000000000000000	price=0.25	
4140751	CatRescued	catId=0x0057774705	to=0x8fd30d792d7bfb8955d7cfbfa1ccc878b04a39ec		
4140753	CatRescued	catId=0x0015137551	to=0xb8c4d5d17251f3c97d62be550ab8dc0aaa473bc8		
4140755	AdoptionOffered	catId=0x0057774705	to=0x0000000000000000000000000000000000000000	price=0.1	
